comment,sentiment
The orientation was very informative and well-organized,positive
The food was delicious and abundant,positive
Great event! The speakers were engaging and knowledgeable,positive
Very helpful secretariat staff,positive
Registration process was smooth and efficient,positive
Excellent venue and facilities,positive
The program flow was perfect,positive
Overall a fantastic experience,positive
Will definitely recommend this event,positive
The activities were fun and relevant,positive
Poor organization, very disappointed,negative
The food was terrible,negative
The venue was too crowded and hot,negative
Long waiting time at registration,negative
The speakers were boring,negative
Poor communication from organizers,negative
Activities were irrelevant,negative
The program started late,negative
Staff were unhelpful,negative
Not enough food for everyone,negative
It was okay, nothing special,neutral
Average event, could be better,neutral
Some parts were good, some were not,neutral
The event met my expectations,neutral
Decent experience overall,neutral